ID,Épica,Título,Tipo,Prioridad,Etiquetas,Descripción,Criterios de aceptación,Referencias,Plataformas
ALC-01,0 · Base,Tokens y tema visual v3.4,Historia,Alta,"base,diseño","Importar colores, dimensiones, roles tipográficos (Inter) y movimiento desde 03-diseno/tokens. Forzar tema claro.",Los colores y tamaños de la app salen de AlcanciaColor/AlcanciaDimen/AlcanciaType; el texto escala con el tamaño de fuente del sistema.,03-diseno/tokens · plataformas.md,"Android, iOS"
ALC-02,0 · Base,Reemplazar todos los textos por el catálogo v3.4,Historia,Alta,"base,textos",Reemplazar strings.xml / Localizable.strings por los de 05-textos (incluye plurales). Eliminar cualquier texto escrito en el código.,G2. Ningún texto fuera de los archivos de strings. Motivos con los nuevos textos (ids sin cambios).,05-textos · claves.md · lenguaje.md,"Android, iOS"
ALC-03,0 · Base,Iconos Lucide y mascota por densidad,Historia,Alta,"base,assets",Importar los 41 SVG (tint con color del tema) y la mascota en drawable-*dpi / Mascota.imageset.,Iconos nítidos en todas las densidades; ningún emoji en lugar de iconos.,04-assets,"Android, iOS"
ALC-04,0 · Base,Modelos y regla de dinero en céntimos,Historia,Alta,"base,datos",Adoptar Modelos.kt / Modelos.swift (o mapear a los existentes). Dinero en Int céntimos. Tests unitarios con 06-datos/casos-de-prueba/dinero.json.,G3. Las 20 entradas dan el mismo resultado que el prototipo.,06-datos · reglas-de-negocio.md,"Android, iOS"
ALC-05,0 · Base,Estado único del chanchito,Historia,Alta,"base,hardware",Un solo estado observable de conexión para toda la app. Sin hardware: «Sin conexión». Nunca simular conectado.,F1. Todas las pantallas muestran el mismo estado.,reglas-de-negocio.md · flujos.md,"Android, iOS"
ALC-06,1 · Alcancía y plata,"Alcancía: textos, meta lograda y Sacar plata",Historia,Alta,alcancia,"Nuevos textos, estado de conexión real, tarjeta «¡Logrado!», botón «Sacar plata» (oculto el primer día), metas abren su detalle.","B4, A9, F1. Capturas 01, 06, 43.",pantallas.md#alcancía,"Android, iOS"
ALC-07,1 · Alcancía y plata,Agregar plata · pasos 1 y 2,Historia,Alta,"alcancia,flujo","Campo de monto con teclado decimal, montos rápidos sobre el mismo valor, «Así quedaría», motivos nuevos con «Otra cosa» + texto, selector de meta. Confirmar al cerrar con cambios.","A2–A6. Capturas 39, 40, 05.",pantallas.md#flujo-de-plata-agregar-y-sacar,"Android, iOS"
ALC-08,1 · Alcancía y plata,Agregar plata · pasos 3 «¿Todo bien?» y 4 «¡Listo!»,Historia,Alta,"alcancia,flujo","Resumen, confirmación con un solo envío, saldo y meta actualizados, aviso de meta alcanzada, sin volver atrás desde el paso 4.","A1, A7, A8, A9, A10. Capturas 41, 42.",pantallas.md · flujos.md,"Android, iOS"
ALC-09,1 · Alcancía y plata,Sacar plata (4 pasos),Historia,Alta,"alcancia,flujo","Mismo flujo con textos flujo.out.*, motivos de salida y validación «No le alcanza» / «Para «Meta» solo tiene…».","B1–B3. Capturas 44, 45.",reglas-de-negocio.md#dinero,"Android, iOS"
ALC-10,1 · Alcancía y plata,Sus metas y detalle de meta,Historia,Media,"alcancia,metas","Lista en orden estable + detalle con avance, «Le faltan», plata de esa meta y «Agregar plata a esta meta» (preselecciona la meta).","C1, C2. Capturas 07, 08.",pantallas.md,"Android, iOS"
ALC-11,1 · Alcancía y plata,Poner meta,Historia,Media,"alcancia,metas",Formulario nombre + costo con la misma validación de monto. Vuelve a la actividad si vino de ahí.,"C3, C4. Captura 04.",pantallas.md,"Android, iOS"
ALC-12,1 · Alcancía y plata,Todo lo anotado y detalle,Historia,Media,alcancia,"Lista completa con signo +/− y detalle (Lo anotó, Cuándo, Por qué, Meta).","B3. Capturas 09, 10.",pantallas.md,"Android, iOS"
ALC-13,2 · Aprender,Aprender con estado real de actividad,Historia,Media,aprender,«PARA EMPEZAR» o «EN CURSO» según la actividad empezada; fila «Ahora: paso actual».,"D1, D3. Capturas 02, 11.",pantallas.md#aprender,"Android, iOS"
ALC-14,2 · Aprender,"Biblioteca: Juegos, filtro y contenido",Historia,Media,"aprender,biblioteca","Pestaña «Juegos», filtro de tema que se conserva, cada elemento abre su pantalla. Contenido desde 06-datos/contenido.json.","D4, D5. Capturas 12–14.",pantallas.md · contenido.json,"Android, iOS"
ALC-15,2 · Aprender,Cuento y reproductor,Historia,Media,"aprender,audio","Pantalla genérica por id, estados del reproductor, sin autoplay, ±10 s, error recuperable sin archivo o sin chanchito.","D6, D7. Capturas 15, 37.",plataformas.md#audio-de-cuentos-cuando-haya-archivos,"Android, iOS"
ALC-16,2 · Aprender,Para conversar,Historia,Media,aprender,Preguntas + consejos + «Ya lo conversamos» (suma una conversación).,D8. Captura 16.,pantallas.md,"Android, iOS"
ALC-17,2 · Aprender,Misión y Juego,Historia,Media,aprender,Misión con pasos marcables (no se evalúan) y «Anotar cómo les fue» con tema; Juego con roles y «Ya lo conversamos».,"D4. Capturas 17, 18.",pantallas.md,"Android, iOS"
ALC-18,2 · Aprender,Actividad: empezar y avanzar pasos,Historia,Media,"aprender,actividades",Abrir no empieza; «Empezar» marca el tema; pasos con «Toca ahora» y ✓; «Ya hicimos este paso».,"D2, D3. Capturas 19, 20.",flujos.md#actividad,"Android, iOS"
ALC-19,3 · Progreso,Progreso con datos reales,Historia,Media,progreso,"Momento destacado más reciente, conteos con plural, 4 temas con estado real, siguiente actividad, estado vacío.","E1, E3. Capturas 21, 03.",reglas-de-negocio.md#progreso,"Android, iOS"
ALC-20,3 · Progreso,Tema,Historia,Baja,progreso,Lo anotado del tema + su actividad + anotar con tema preseleccionado.,E4. Captura 22.,pantallas.md,"Android, iOS"
ALC-21,3 · Progreso,Anotar algo que pasó y detalle,Historia,Media,progreso,"Formulario (qué pasó, título opcional, quién lo vio, tema opcional) y detalle con mensajitos.","E2, E3. Capturas 23, 25.",pantallas.md,"Android, iOS"
ALC-22,3 · Progreso,Felicitar,Historia,Baja,progreso,4 frases o una propia; confirmación con rebote; voluntario.,E5. Captura 26.,pantallas.md,"Android, iOS"
ALC-23,3 · Progreso,Todo lo anotado (Progreso),Historia,Baja,progreso,"Cosas que pasaron, conversaciones y mensajitos con sus vacíos.",E6. Captura 24.,pantallas.md,"Android, iOS"
ALC-24,4 · Chanchito y cuenta,Ajustes del chanchito: reintento,Historia,Media,chanchito,"Tarjeta de estado, «Intentar otra vez» con un intento a la vez y error recuperable; filas a sus pantallas.","F2, F4. Capturas 27, 38.",flujos.md#chanchito,"Android, iOS"
ALC-25,4 · Chanchito y cuenta,"Batería, WiFi, Volumen, Conectar celular y Perfil",Historia,Baja,chanchito,"Datos «lo último que sabemos», cambios bloqueados sin conexión, permisos Bluetooth, editar nombre.","F2, F3. Capturas 28–32.",plataformas.md#chanchito-cuando-haya-hardware,"Android, iOS"
ALC-26,4 · Chanchito y cuenta,Selector de persona y confirmar cierre de sesión,Historia,Baja,cuenta,Selector al tocar el nombre; confirmación antes de cerrar sesión (conectar con la autenticación real).,"F5, F6. Capturas 33, 34.",pantallas.md,"Android, iOS"
ALC-27,"5 · Animación, accesibilidad y QA",Animaciones clave,Historia,Media,animacion,Implementar las 15 animaciones con duración y curva de los tokens; nada si el sistema pide reducir movimiento.,G4. Videos de 07-referencias.,animaciones.md,"Android, iOS"
ALC-28,"5 · Animación, accesibilidad y QA",Accesibilidad,Historia,Alta,accesibilidad,"Títulos anunciados, nombres de iconos, grupos de radio, 44 dp, contraste, texto 200 %, 320 dp.","G1, G5.",accesibilidad-y-estados.md,"Android, iOS"
ALC-29,"5 · Animación, accesibilidad y QA",QA con criterios de aceptación,Historia,Alta,qa,Ejecutar A–G en Android e iOS con las semillas vacio y semana.,Todos los criterios en verde en ambos sistemas.,criterios-de-aceptacion.md,"Android, iOS"
